{"cameraMode":{"drawMode":0,"name":"Shaded","section":"Shading Mode"},"sceneLighting":true,"audioPlay":false,"sceneViewState":{"m_AlwaysRefresh":false,"showFog":true,"showSkybox":true,"showFlares":true,"showImageEffects":true,"showParticleSystems":true,"showVisualEffectGraphs":true,"m_FxEnabled":true},"in2DMode":false,"pivot":{"x":569.897216796875,"y":283.2075500488281,"z":166.2821044921875},"rotation":{"x":0.014998849481344223,"y":-0.0005855787894688547,"z":0.000009223345841746777,"w":0.9999045133590698},"size":636.8396606445313,"orthographic":false}