{"cameraMode":{"drawMode":0,"name":"Shaded","section":"Shading Mode"},"sceneLighting":true,"audioPlay":false,"sceneViewState":{"m_AlwaysRefresh":false,"showFog":true,"showSkybox":true,"showFlares":true,"showImageEffects":true,"showParticleSystems":true,"showVisualEffectGraphs":true,"m_FxEnabled":true},"in2DMode":false,"pivot":{"x":-1.8775476217269898,"y":-12.892790794372559,"z":10.814630508422852},"rotation":{"x":-0.4174993336200714,"y":0.02098453789949417,"z":-0.0096450699493289,"w":-0.9083953499794006},"size":16.010251998901368,"orthographic":false}