{"cameraMode":{"drawMode":0,"name":"Shaded","section":"Shading Mode"},"sceneLighting":false,"audioPlay":false,"sceneViewState":{"m_AlwaysRefresh":false,"showFog":true,"showSkybox":false,"showFlares":true,"showImageEffects":true,"showParticleSystems":true,"showVisualEffectGraphs":true,"m_FxEnabled":true},"in2DMode":false,"pivot":{"x":-5.410123825073242,"y":0.9094909429550171,"z":0.5800408720970154},"rotation":{"x":-0.4325405955314636,"y":-0.004587786737829447,"z":0.0021974158007651569,"w":-0.901613175868988},"size":0.12811151146888734,"orthographic":false}