{"cameraMode":{"drawMode":0,"name":"Shaded","section":"Shading Mode"},"sceneLighting":true,"audioPlay":false,"sceneViewState":{"m_AlwaysRefresh":false,"showFog":true,"showSkybox":true,"showFlares":true,"showImageEffects":true,"showParticleSystems":true,"showVisualEffectGraphs":true,"m_FxEnabled":true},"in2DMode":false,"pivot":{"x":-3.9244613647460939,"y":-0.05192577838897705,"z":4.947172164916992},"rotation":{"x":0.13306978344917298,"y":0.16160717606544496,"z":-0.02220913954079151,"w":0.9777061939239502},"size":2.7902612686157228,"orthographic":false}